Workbook

Sheet RAW_IMPORT
A1: Rank | B1: Peak | C1: All Time Peak | D1: Actual gross | E1: Adjusted gross (in 2022 dollars) | F1: Artist | G1: Tour title | H1: Year(s) | I1: Shows | J1: Average gross | K1: Ref.
A2: 1 | B2: 1 | C2: 2 | D2: $780,000,000 | E2: $780,000,000 | F2: Taylor Swift | G2: The Eras Tour † | H2: 2023–2024 | I2: 56 | J2: $13,928,571 | K2: [1]
A3: 2 | B3: 1 | C3: 7[2] | D3: $579,800,000 | E3: $579,800,000 | F3: Beyoncé | G3: Renaissance World Tour | H3: 2023 | I3: 56 | J3: $10,353,571 | K3: [3]
A4: 3 | B4: 1[4] | C4: 2[5] | D4: $411,000,000 | E4: $560,622,615 | F4: Madonna | G4: Sticky & Sweet Tour ‡[4][a] | H4: 2008–2009 | I4: 85 | J4: $4,835,294 | K4: [6]
A5: 4 | B5: 2[7] | C5: 10[7] | D5: $397,300,000 | E5: $454,751,555 | F5: Pink | G5: Beautiful Trauma World Tour | H5: 2018–2019 | I5: 156 | J5: $2,546,795 | K5: [7]
A6: 5 | B6: 2[4] | D6: $345,675,146 | E6: $402,844,849 | F6: Taylor Swift | G6: Reputation Stadium Tour | H6: 2018 | I6: 53 | J6: $6,522,173 | K6: [8]
A7: 6 | B7: 2[4] | C7: 10[9] | D7: $305,158,363 | E7: $388,978,496 | F7: Madonna | G7: The MDNA Tour | H7: 2012 | I7: 88 | J7: $3,467,709 | K7: [9]
A8: 7 | B8: 2[10] | D8: $280,000,000 | E8: $381,932,682 | F8: Celine Dion | G8: Taking Chances World Tour | H8: 2008–2009 | I8: 131 | J8: $2,137,405 | K8: [11]
A9: 7 | D9: $257,600,000 | E9: $257,600,000 | F9: Pink | G9: Summer Carnival † | H9: 2023–2024 | I9: 41 | J9: $6,282,927 | K9: [12]
A10: 9 | D10: $256,084,556 | E10: $312,258,401 | F10: Beyoncé | G10: The Formation World Tour | H10: 2016 | I10: 49 | J10: $5,226,215 | K10: [13]
A11: 10 | D11: $250,400,000 | E11: $309,141,878 | F11: Taylor Swift | G11: The 1989 World Tour | H11: 2015 | I11: 85 | J11: $2,945,882 | K11: [14]
A12: 11 | D12: $229,100,000[b] | E12: $283,202,896 | F12: Beyoncé | G12: The Mrs. Carter Show World Tour | H12: 2013–2014 | I12: 132 | J12: $1,735,606 | K12: [15][16]
A13: 12 | C13: 14[17] | D13: $227,400,000 | E13: $295,301,479 | F13: Lady Gaga | G13: The Monster Ball Tour * | H13: 2009–2011 | I13: 203 | J13: $1,118,227 | K13: [18]
A14: 13 | D14: $204,000,000 | E14: $251,856,802 | F14: Katy Perry | G14: Prismatic World Tour | H14: 2014–2015 | I14: 151 | J14: $1,350,993 | K14: [19]
A15: 14 | B15: 1[20] | D15: $200,000,000 | E15: $299,676,265 | F15: Cher | G15: Living Proof: The Farewell Tour ‡[21][a] | H15: 2002–2005 | I15: 325 | J15: $615,385 | K15: [20]
A16: 15 | B16: 2[c] | D16: $194,000,000 | E16: $281,617,035 | F16: Madonna | G16: Confessions Tour | H16: 2006 | I16: 60 | J16: $3,233,333 | K16: [5]
A17: 16 | D17: $184,000,000 | E17: $227,452,347 | F17: Pink | G17: The Truth About Love Tour | H17: 2013–2014 | I17: 142 | J17: $1,295,775 | K17: [22]
A18: 17 | D18: $170,000,000 | E18: $213,568,571 | F18: Lady Gaga | G18: Born This Way Ball | H18: 2012–2013 | I18: 98 | J18: $1,734,694 | K18: [d]
A19: 18 | D19: $169,800,000 | E19: $207,046,755 | F19: Madonna | G19: Rebel Heart Tour | H19: 2015–2016 | I19: 82 | J19: $2,070,732 | K19: [4]
A20: 19 | D20: $167,700,000[e] | E20: $204,486,106 | F20: Adele | G20: Adele Live 2016 | H20: 2016–2017 | I20: 121 | J20: $1,385,950 | K20: [25]
A21: 20 | D21: $150,000,000 | E21: $185,423,109 | F21: Taylor Swift | G21: The Red Tour | H21: 2013–2014 | I21: 86 | J21: $1,744,186 | K21: [26]

Sheet CLEAN_TABLE
A1: Rank | B1: Peak | C1: All Time Peak | D1: Actual gross | E1: Adjusted gross (in 2022 dollars) | F1: Artist | G1: Tour title | H1: Start year | I1: End year | J1: Shows | K1: Average gross
A2: =RAW_IMPORT!A2 -> 1 | B2: =IF(RAW_IMPORT!B2="","", VALUE(TRIM(CLEAN(_xlfn.REGEXREPLACE(RAW_IMPORT!B2, "\[.*?\]", ""))))) -> 1 | C2: =IF(RAW_IMPORT!C2="","", VALUE(TRIM(CLEAN(_xlfn.REGEXREPLACE(RAW_IMPORT!C2, "\[.*?\]", ""))))) -> 2 | D2: =VALUE(SUBSTITUTE(SUBSTITUTE(_xlfn.REGEXREPLACE(RAW_IMPORT!D2, "\[.*?\]", ""), "$", ""), ",", "")) -> 780000000 | E2: =VALUE(SUBSTITUTE(SUBSTITUTE(_xlfn.REGEXREPLACE(RAW_IMPORT!E2, "\[.*?\]", ""), "$", ""), ",", "")) -> 780000000 | F2: =RAW_IMPORT!F2 -> Taylor Swift | G2: =IF(RAW_IMPORT!G2="","",TRIM(CLEAN(_xlfn.REGEXREPLACE(_xlfn.REGEXREPLACE(RAW_IMPORT!G2, "\[.*?\]", ""),"[^A-Za-z0-9 .,'’\-]", "")))) -> The Eras Tour | H2: =IF(RAW_IMPORT!H2="","", VALUE(LEFT(RAW_IMPORT!H2,4))) -> 2023 | I2: =IF(RAW_IMPORT!H2="","", VALUE(RIGHT(RAW_IMPORT!H2,4))) -> 2024 | J2: =RAW_IMPORT!I2 -> 56 | K2: =VALUE(SUBSTITUTE(SUBSTITUTE(_xlfn.REGEXREPLACE(RAW_IMPORT!J2, "\[.*?\]", ""), "$", ""), ",", "")) -> 13928571
A3: =RAW_IMPORT!A3 -> 2 | B3: =IF(RAW_IMPORT!B3="","", VALUE(TRIM(CLEAN(_xlfn.REGEXREPLACE(RAW_IMPORT!B3, "\[.*?\]", ""))))) -> 1 | C3: =IF(RAW_IMPORT!C3="","", VALUE(TRIM(CLEAN(_xlfn.REGEXREPLACE(RAW_IMPORT!C3, "\[.*?\]", ""))))) -> 7 | D3: =VALUE(SUBSTITUTE(SUBSTITUTE(_xlfn.REGEXREPLACE(RAW_IMPORT!D3, "\[.*?\]", ""), "$", ""), ",", "")) -> 579800000 | E3: =VALUE(SUBSTITUTE(SUBSTITUTE(_xlfn.REGEXREPLACE(RAW_IMPORT!E3, "\[.*?\]", ""), "$", ""), ",", "")) -> 579800000 | F3: =RAW_IMPORT!F3 -> Beyoncé | G3: =IF(RAW_IMPORT!G3="","",TRIM(CLEAN(_xlfn.REGEXREPLACE(_xlfn.REGEXREPLACE(RAW_IMPORT!G3, "\[.*?\]", ""),"[^A-Za-z0-9 .,'’\-]", "")))) -> Renaissance World Tour | H3: =IF(RAW_IMPORT!H3="","", VALUE(LEFT(RAW_IMPORT!H3,4))) -> 2023 | I3: =IF(RAW_IMPORT!H3="","", VALUE(RIGHT(RAW_IMPORT!H3,4))) -> 2023 | J3: =RAW_IMPORT!I3 -> 56 | K3: =VALUE(SUBSTITUTE(SUBSTITUTE(_xlfn.REGEXREPLACE(RAW_IMPORT!J3, "\[.*?\]", ""), "$", ""), ",", "")) -> 10353571
A4: =RAW_IMPORT!A4 -> 3 | B4: =IF(RAW_IMPORT!B4="","", VALUE(TRIM(CLEAN(_xlfn.REGEXREPLACE(RAW_IMPORT!B4, "\[.*?\]", ""))))) -> 1 | C4: =IF(RAW_IMPORT!C4="","", VALUE(TRIM(CLEAN(_xlfn.REGEXREPLACE(RAW_IMPORT!C4, "\[.*?\]", ""))))) -> 2 | D4: =VALUE(SUBSTITUTE(SUBSTITUTE(_xlfn.REGEXREPLACE(RAW_IMPORT!D4, "\[.*?\]", ""), "$", ""), ",", "")) -> 411000000 | E4: =VALUE(SUBSTITUTE(SUBSTITUTE(_xlfn.REGEXREPLACE(RAW_IMPORT!E4, "\[.*?\]", ""), "$", ""), ",", "")) -> 560622615 | F4: =RAW_IMPORT!F4 -> Madonna | G4: =IF(RAW_IMPORT!G4="","",TRIM(CLEAN(_xlfn.REGEXREPLACE(_xlfn.REGEXREPLACE(RAW_IMPORT!G4, "\[.*?\]", ""),"[^A-Za-z0-9 .,'’\-]", "")))) -> Sticky Sweet Tour | H4: =IF(RAW_IMPORT!H4="","", VALUE(LEFT(RAW_IMPORT!H4,4))) -> 2008 | I4: =IF(RAW_IMPORT!H4="","", VALUE(RIGHT(RAW_IMPORT!H4,4))) -> 2009 | J4: =RAW_IMPORT!I4 -> 85 | K4: =VALUE(SUBSTITUTE(SUBSTITUTE(_xlfn.REGEXREPLACE(RAW_IMPORT!J4, "\[.*?\]", ""), "$", ""), ",", "")) -> 4835294
A5: =RAW_IMPORT!A5 -> 4 | B5: =IF(RAW_IMPORT!B5="","", VALUE(TRIM(CLEAN(_xlfn.REGEXREPLACE(RAW_IMPORT!B5, "\[.*?\]", ""))))) -> 2 | C5: =IF(RAW_IMPORT!C5="","", VALUE(TRIM(CLEAN(_xlfn.REGEXREPLACE(RAW_IMPORT!C5, "\[.*?\]", ""))))) -> 10 | D5: =VALUE(SUBSTITUTE(SUBSTITUTE(_xlfn.REGEXREPLACE(RAW_IMPORT!D5, "\[.*?\]", ""), "$", ""), ",", "")) -> 397300000 | E5: =VALUE(SUBSTITUTE(SUBSTITUTE(_xlfn.REGEXREPLACE(RAW_IMPORT!E5, "\[.*?\]", ""), "$", ""), ",", "")) -> 454751555 | F5: =RAW_IMPORT!F5 -> Pink | G5: =IF(RAW_IMPORT!G5="","",TRIM(CLEAN(_xlfn.REGEXREPLACE(_xlfn.REGEXREPLACE(RAW_IMPORT!G5, "\[.*?\]", ""),"[^A-Za-z0-9 .,'’\-]", "")))) -> Beautiful Trauma World Tour | H5: =IF(RAW_IMPORT!H5="","", VALUE(LEFT(RAW_IMPORT!H5,4))) -> 2018 | I5: =IF(RAW_IMPORT!H5="","", VALUE(RIGHT(RAW_IMPORT!H5,4))) -> 2019 | J5: =RAW_IMPORT!I5 -> 156 | K5: =VALUE(SUBSTITUTE(SUBSTITUTE(_xlfn.REGEXREPLACE(RAW_IMPORT!J5, "\[.*?\]", ""), "$", ""), ",", "")) -> 2546795
A6: =RAW_IMPORT!A6 -> 5 | B6: =IF(RAW_IMPORT!B6="","", VALUE(TRIM(CLEAN(_xlfn.REGEXREPLACE(RAW_IMPORT!B6, "\[.*?\]", ""))))) -> 2 | C6: =IF(RAW_IMPORT!C6="","", VALUE(TRIM(CLEAN(_xlfn.REGEXREPLACE(RAW_IMPORT!C6, "\[.*?\]", ""))))) | D6: =VALUE(SUBSTITUTE(SUBSTITUTE(_xlfn.REGEXREPLACE(RAW_IMPORT!D6, "\[.*?\]", ""), "$", ""), ",", "")) -> 345675146 | E6: =VALUE(SUBSTITUTE(SUBSTITUTE(_xlfn.REGEXREPLACE(RAW_IMPORT!E6, "\[.*?\]", ""), "$", ""), ",", "")) -> 402844849 | F6: =RAW_IMPORT!F6 -> Taylor Swift | G6: =IF(RAW_IMPORT!G6="","",TRIM(CLEAN(_xlfn.REGEXREPLACE(_xlfn.REGEXREPLACE(RAW_IMPORT!G6, "\[.*?\]", ""),"[^A-Za-z0-9 .,'’\-]", "")))) -> Reputation Stadium Tour | H6: =IF(RAW_IMPORT!H6="","", VALUE(LEFT(RAW_IMPORT!H6,4))) -> 2018 | I6: =IF(RAW_IMPORT!H6="","", VALUE(RIGHT(RAW_IMPORT!H6,4))) -> 2018 | J6: =RAW_IMPORT!I6 -> 53 | K6: =VALUE(SUBSTITUTE(SUBSTITUTE(_xlfn.REGEXREPLACE(RAW_IMPORT!J6, "\[.*?\]", ""), "$", ""), ",", "")) -> 6522173
A7: =RAW_IMPORT!A7 -> 6 | B7: =IF(RAW_IMPORT!B7="","", VALUE(TRIM(CLEAN(_xlfn.REGEXREPLACE(RAW_IMPORT!B7, "\[.*?\]", ""))))) -> 2 | C7: =IF(RAW_IMPORT!C7="","", VALUE(TRIM(CLEAN(_xlfn.REGEXREPLACE(RAW_IMPORT!C7, "\[.*?\]", ""))))) -> 10 | D7: =VALUE(SUBSTITUTE(SUBSTITUTE(_xlfn.REGEXREPLACE(RAW_IMPORT!D7, "\[.*?\]", ""), "$", ""), ",", "")) -> 305158363 | E7: =VALUE(SUBSTITUTE(SUBSTITUTE(_xlfn.REGEXREPLACE(RAW_IMPORT!E7, "\[.*?\]", ""), "$", ""), ",", "")) -> 388978496 | F7: =RAW_IMPORT!F7 -> Madonna | G7: =IF(RAW_IMPORT!G7="","",TRIM(CLEAN(_xlfn.REGEXREPLACE(_xlfn.REGEXREPLACE(RAW_IMPORT!G7, "\[.*?\]", ""),"[^A-Za-z0-9 .,'’\-]", "")))) -> The MDNA Tour | H7: =IF(RAW_IMPORT!H7="","", VALUE(LEFT(RAW_IMPORT!H7,4))) -> 2012 | I7: =IF(RAW_IMPORT!H7="","", VALUE(RIGHT(RAW_IMPORT!H7,4))) -> 2012 | J7: =RAW_IMPORT!I7 -> 88 | K7: =VALUE(SUBSTITUTE(SUBSTITUTE(_xlfn.REGEXREPLACE(RAW_IMPORT!J7, "\[.*?\]", ""), "$", ""), ",", "")) -> 3467709
A8: =RAW_IMPORT!A8 -> 7 | B8: =IF(RAW_IMPORT!B8="","", VALUE(TRIM(CLEAN(_xlfn.REGEXREPLACE(RAW_IMPORT!B8, "\[.*?\]", ""))))) -> 2 | C8: =IF(RAW_IMPORT!C8="","", VALUE(TRIM(CLEAN(_xlfn.REGEXREPLACE(RAW_IMPORT!C8, "\[.*?\]", ""))))) | D8: =VALUE(SUBSTITUTE(SUBSTITUTE(_xlfn.REGEXREPLACE(RAW_IMPORT!D8, "\[.*?\]", ""), "$", ""), ",", "")) -> 280000000 | E8: =VALUE(SUBSTITUTE(SUBSTITUTE(_xlfn.REGEXREPLACE(RAW_IMPORT!E8, "\[.*?\]", ""), "$", ""), ",", "")) -> 381932682 | F8: =RAW_IMPORT!F8 -> Celine Dion | G8: =IF(RAW_IMPORT!G8="","",TRIM(CLEAN(_xlfn.REGEXREPLACE(_xlfn.REGEXREPLACE(RAW_IMPORT!G8, "\[.*?\]", ""),"[^A-Za-z0-9 .,'’\-]", "")))) -> Taking Chances World Tour | H8: =IF(RAW_IMPORT!H8="","", VALUE(LEFT(RAW_IMPORT!H8,4))) -> 2008 | I8: =IF(RAW_IMPORT!H8="","", VALUE(RIGHT(RAW_IMPORT!H8,4))) -> 2009 | J8: =RAW_IMPORT!I8 -> 131 | K8: =VALUE(SUBSTITUTE(SUBSTITUTE(_xlfn.REGEXREPLACE(RAW_IMPORT!J8, "\[.*?\]", ""), "$", ""), ",", "")) -> 2137405
A9: =RAW_IMPORT!A9 -> 7 | B9: =IF(RAW_IMPORT!B9="","", VALUE(TRIM(CLEAN(_xlfn.REGEXREPLACE(RAW_IMPORT!B9, "\[.*?\]", ""))))) | C9: =IF(RAW_IMPORT!C9="","", VALUE(TRIM(CLEAN(_xlfn.REGEXREPLACE(RAW_IMPORT!C9, "\[.*?\]", ""))))) | D9: =VALUE(SUBSTITUTE(SUBSTITUTE(_xlfn.REGEXREPLACE(RAW_IMPORT!D9, "\[.*?\]", ""), "$", ""), ",", "")) -> 257600000 | E9: =VALUE(SUBSTITUTE(SUBSTITUTE(_xlfn.REGEXREPLACE(RAW_IMPORT!E9, "\[.*?\]", ""), "$", ""), ",", "")) -> 257600000 | F9: =RAW_IMPORT!F9 -> Pink | G9: =IF(RAW_IMPORT!G9="","",TRIM(CLEAN(_xlfn.REGEXREPLACE(_xlfn.REGEXREPLACE(RAW_IMPORT!G9, "\[.*?\]", ""),"[^A-Za-z0-9 .,'’\-]", "")))) -> Summer Carnival | H9: =IF(RAW_IMPORT!H9="","", VALUE(LEFT(RAW_IMPORT!H9,4))) -> 2023 | I9: =IF(RAW_IMPORT!H9="","", VALUE(RIGHT(RAW_IMPORT!H9,4))) -> 2024 | J9: =RAW_IMPORT!I9 -> 41 | K9: =VALUE(SUBSTITUTE(SUBSTITUTE(_xlfn.REGEXREPLACE(RAW_IMPORT!J9, "\[.*?\]", ""), "$", ""), ",", "")) -> 6282927
A10: =RAW_IMPORT!A10 -> 9 | B10: =IF(RAW_IMPORT!B10="","", VALUE(TRIM(CLEAN(_xlfn.REGEXREPLACE(RAW_IMPORT!B10, "\[.*?\]", ""))))) | C10: =IF(RAW_IMPORT!C10="","", VALUE(TRIM(CLEAN(_xlfn.REGEXREPLACE(RAW_IMPORT!C10, "\[.*?\]", ""))))) | D10: =VALUE(SUBSTITUTE(SUBSTITUTE(_xlfn.REGEXREPLACE(RAW_IMPORT!D10, "\[.*?\]", ""), "$", ""), ",", "")) -> 256084556 | E10: =VALUE(SUBSTITUTE(SUBSTITUTE(_xlfn.REGEXREPLACE(RAW_IMPORT!E10, "\[.*?\]", ""), "$", ""), ",", "")) -> 312258401 | F10: =RAW_IMPORT!F10 -> Beyoncé | G10: =IF(RAW_IMPORT!G10="","",TRIM(CLEAN(_xlfn.REGEXREPLACE(_xlfn.REGEXREPLACE(RAW_IMPORT!G10, "\[.*?\]", ""),"[^A-Za-z0-9 .,'’\-]", "")))) -> The Formation World Tour | H10: =IF(RAW_IMPORT!H10="","", VALUE(LEFT(RAW_IMPORT!H10,4))) -> 2016 | I10: =IF(RAW_IMPORT!H10="","", VALUE(RIGHT(RAW_IMPORT!H10,4))) -> 2016 | J10: =RAW_IMPORT!I10 -> 49 | K10: =VALUE(SUBSTITUTE(SUBSTITUTE(_xlfn.REGEXREPLACE(RAW_IMPORT!J10, "\[.*?\]", ""), "$", ""), ",", "")) -> 5226215
A11: =RAW_IMPORT!A11 -> 10 | B11: =IF(RAW_IMPORT!B11="","", VALUE(TRIM(CLEAN(_xlfn.REGEXREPLACE(RAW_IMPORT!B11, "\[.*?\]", ""))))) | C11: =IF(RAW_IMPORT!C11="","", VALUE(TRIM(CLEAN(_xlfn.REGEXREPLACE(RAW_IMPORT!C11, "\[.*?\]", ""))))) | D11: =VALUE(SUBSTITUTE(SUBSTITUTE(_xlfn.REGEXREPLACE(RAW_IMPORT!D11, "\[.*?\]", ""), "$", ""), ",", "")) -> 250400000 | E11: =VALUE(SUBSTITUTE(SUBSTITUTE(_xlfn.REGEXREPLACE(RAW_IMPORT!E11, "\[.*?\]", ""), "$", ""), ",", "")) -> 309141878 | F11: =RAW_IMPORT!F11 -> Taylor Swift | G11: =IF(RAW_IMPORT!G11="","",TRIM(CLEAN(_xlfn.REGEXREPLACE(_xlfn.REGEXREPLACE(RAW_IMPORT!G11, "\[.*?\]", ""),"[^A-Za-z0-9 .,'’\-]", "")))) -> The 1989 World Tour | H11: =IF(RAW_IMPORT!H11="","", VALUE(LEFT(RAW_IMPORT!H11,4))) -> 2015 | I11: =IF(RAW_IMPORT!H11="","", VALUE(RIGHT(RAW_IMPORT!H11,4))) -> 2015 | J11: =RAW_IMPORT!I11 -> 85 | K11: =VALUE(SUBSTITUTE(SUBSTITUTE(_xlfn.REGEXREPLACE(RAW_IMPORT!J11, "\[.*?\]", ""), "$", ""), ",", "")) -> 2945882
A12: =RAW_IMPORT!A12 -> 11 | B12: =IF(RAW_IMPORT!B12="","", VALUE(TRIM(CLEAN(_xlfn.REGEXREPLACE(RAW_IMPORT!B12, "\[.*?\]", ""))))) | C12: =IF(RAW_IMPORT!C12="","", VALUE(TRIM(CLEAN(_xlfn.REGEXREPLACE(RAW_IMPORT!C12, "\[.*?\]", ""))))) | D12: =VALUE(SUBSTITUTE(SUBSTITUTE(_xlfn.REGEXREPLACE(RAW_IMPORT!D12, "\[.*?\]", ""), "$", ""), ",", "")) -> 229100000 | E12: =VALUE(SUBSTITUTE(SUBSTITUTE(_xlfn.REGEXREPLACE(RAW_IMPORT!E12, "\[.*?\]", ""), "$", ""), ",", "")) -> 283202896 | F12: =RAW_IMPORT!F12 -> Beyoncé | G12: =IF(RAW_IMPORT!G12="","",TRIM(CLEAN(_xlfn.REGEXREPLACE(_xlfn.REGEXREPLACE(RAW_IMPORT!G12, "\[.*?\]", ""),"[^A-Za-z0-9 .,'’\-]", "")))) -> The Mrs. Carter Show World Tour | H12: =IF(RAW_IMPORT!H12="","", VALUE(LEFT(RAW_IMPORT!H12,4))) -> 2013 | I12: =IF(RAW_IMPORT!H12="","", VALUE(RIGHT(RAW_IMPORT!H12,4))) -> 2014 | J12: =RAW_IMPORT!I12 -> 132 | K12: =VALUE(SUBSTITUTE(SUBSTITUTE(_xlfn.REGEXREPLACE(RAW_IMPORT!J12, "\[.*?\]", ""), "$", ""), ",", "")) -> 1735606
A13: =RAW_IMPORT!A13 -> 12 | B13: =IF(RAW_IMPORT!B13="","", VALUE(TRIM(CLEAN(_xlfn.REGEXREPLACE(RAW_IMPORT!B13, "\[.*?\]", ""))))) | C13: =IF(RAW_IMPORT!C13="","", VALUE(TRIM(CLEAN(_xlfn.REGEXREPLACE(RAW_IMPORT!C13, "\[.*?\]", ""))))) -> 14 | D13: =VALUE(SUBSTITUTE(SUBSTITUTE(_xlfn.REGEXREPLACE(RAW_IMPORT!D13, "\[.*?\]", ""), "$", ""), ",", "")) -> 227400000 | E13: =VALUE(SUBSTITUTE(SUBSTITUTE(_xlfn.REGEXREPLACE(RAW_IMPORT!E13, "\[.*?\]", ""), "$", ""), ",", "")) -> 295301479 | F13: =RAW_IMPORT!F13 -> Lady Gaga | G13: =IF(RAW_IMPORT!G13="","",TRIM(CLEAN(_xlfn.REGEXREPLACE(_xlfn.REGEXREPLACE(RAW_IMPORT!G13, "\[.*?\]", ""),"[^A-Za-z0-9 .,'’\-]", "")))) -> The Monster Ball Tour | H13: =IF(RAW_IMPORT!H13="","", VALUE(LEFT(RAW_IMPORT!H13,4))) -> 2009 | I13: =IF(RAW_IMPORT!H13="","", VALUE(RIGHT(RAW_IMPORT!H13,4))) -> 2011 | J13: =RAW_IMPORT!I13 -> 203 | K13: =VALUE(SUBSTITUTE(SUBSTITUTE(_xlfn.REGEXREPLACE(RAW_IMPORT!J13, "\[.*?\]", ""), "$", ""), ",", "")) -> 1118227
... A21: =RAW_IMPORT!A21 -> 20 | B21: =IF(RAW_IMPORT!B21="","", VALUE(TRIM(CLEAN(_xlfn.REGEXREPLACE(RAW_IMPORT!B21, "\[.*?\]", ""))))) | C21: =IF(RAW_IMPORT!C21="","", VALUE(TRIM(CLEAN(_xlfn.REGEXREPLACE(RAW_IMPORT!C21, "\[.*?\]", ""))))) | D21: =VALUE(SUBSTITUTE(SUBSTITUTE(_xlfn.REGEXREPLACE(RAW_IMPORT!D21, "\[.*?\]", ""), "$", ""), ",", "")) -> 150000000 | E21: =VALUE(SUBSTITUTE(SUBSTITUTE(_xlfn.REGEXREPLACE(RAW_IMPORT!E21, "\[.*?\]", ""), "$", ""), ",", "")) -> 185423109 | F21: =RAW_IMPORT!F21 -> Taylor Swift | G21: =IF(RAW_IMPORT!G21="","",TRIM(CLEAN(_xlfn.REGEXREPLACE(_xlfn.REGEXREPLACE(RAW_IMPORT!G21, "\[.*?\]", ""),"[^A-Za-z0-9 .,'’\-]", "")))) -> The Red Tour | H21: =IF(RAW_IMPORT!H21="","", VALUE(LEFT(RAW_IMPORT!H21,4))) -> 2013 | I21: =IF(RAW_IMPORT!H21="","", VALUE(RIGHT(RAW_IMPORT!H21,4))) -> 2014 | J21: =RAW_IMPORT!I21 -> 86 | K21: =VALUE(SUBSTITUTE(SUBSTITUTE(_xlfn.REGEXREPLACE(RAW_IMPORT!J21, "\[.*?\]", ""), "$", ""), ",", "")) -> 1744186

Sheet NOTES
A1: Column | B1: Issue Observed | C1: Cleaning action
A2: {=TRANSPOSE(Table1[#Headers])} -> Rank | B2: No issues detected. Column contains clean integer values. | C2: None required.
A3: Peak | B3: Values contained bracketed notes.Numbers were interpreted as text because of the brackets. Presence of potential invisible characters. | C3: Removed all bracketed notes using regex. Applied CLEAN and TRIM to remove invisible characters and extra spaces. Converted the cleaned string into a numeric value.
A4: All Time Peak | B4: Values contained bracketed notes. Because of the brackets, numbers were stored as text. Possible presence of invisible characters. | C4: Removed all bracketed notes using a regex pattern. Applied CLEAN and TRIM to remove invisible characters and extra spaces. Converted the cleaned string into a numeric value.
A5: Actual gross | B5: Values contained: - Dollar signs ($) - Commas used as thousand separators - Bracketed notes Because of these symbols, numbers were stored as text. | C5: Removed all bracketed notes using a regex pattern. Removed $ and , characters. Converted the cleaned string into a numeric value.
A6: Adjusted gross (in 2022 dollars) | B6: Values contained: - Dollar signs ($) - Commas used as thousand separators Because of these symbols, numbers were stored as text. | C6: Removed $ and , characters. Converted the cleaned string into a numeric value.
A7: Artist | B7: No issues detected. Column contains clean string values. | C7: None required.
A8: Tour title | B8: Presence of bracketed notes. Presence of special symbols such as *, †, and other non‑alphanumeric characters. Occasional invisible characters or extra spaces. | C8: Removed all bracketed notes using a regex pattern. Removed all non‑alphanumeric symbols except: spaces, periods, commas, apostrophes, hyphens Applied CLEAN and TRIM to remove invisible characters and extra spaces.
A9: Year(s) | B9: Column contains two different formats: Single years and Year ranges Values stored as text, not numbers. | C9: Split the column into two new numeric fields: - StartYear - EndYear Extracted the first 4 digits for StartYear, the last 4 digits for EndYear, or duplicated StartYear when no range was present. Ensured both outputs were numeric.
A10: Shows | B10: No issues detected. Column contains clean integer values. | C10: None required.
A11: Average gross | B11: Values contained: - Dollar signs ($) - Commas used as thousand separators Because of these symbols, numbers were stored as text. | C11: Removed $ and , characters. Converted the cleaned string into a numeric value.
A12: Ref. | B12: Column contains only reference markers in brackets. These values are not part of the dataset and have no analytical meaning. They originate from web‑scraping artifacts | C12: Decided that the column is not relevant for analysis.
